,index,Rating ?/5,Number of Ratings,Price in INR,Ram_size,Storage_size,Battery_size,index,Company_name
0,0,4.2,33561,5649,2.0,32.0,5000.0,0,12
1,1,4.2,77128,11999,4.0,64.0,5000.0,1,12
2,2,4.3,15175,6999,4.0,64.0,5000.0,2,12
3,3,4.2,22621,7749,4.0,64.0,5000.0,3,12
4,4,4.3,15175,6999,4.0,64.0,5000.0,4,12
5,5,4.2,77128,11999,4.0,64.0,5000.0,5,12
6,6,4.2,22621,7749,4.0,64.0,5000.0,6,12
7,7,4.2,22621,7749,4.0,64.0,5000.0,7,12
8,8,4.1,13647,9249,6.0,128.0,5000.0,8,12
9,9,4.2,40525,13999,6.0,128.0,5000.0,9,12
10,10,4.2,33561,5649,2.0,32.0,5000.0,10,12
11,11,4.1,13647,9249,6.0,128.0,5000.0,11,12
12,12,4.2,7572,8999,4.0,64.0,5000.0,12,12
13,13,4.2,7572,8999,4.0,64.0,5000.0,13,12
14,14,4.2,77128,11999,4.0,64.0,5000.0,14,12
15,15,4.1,13647,9249,6.0,128.0,5000.0,15,12
16,16,4.2,40525,13999,6.0,128.0,5000.0,16,12
17,17,4.1,11675,6499,3.0,32.0,5000.0,17,12
18,18,4.2,7572,8999,4.0,64.0,5000.0,18,12
19,19,4.2,21133,13999,8.0,128.0,5000.0,19,12
20,20,4.1,11675,6499,3.0,32.0,5000.0,20,12
21,21,4.1,7285,15999,6.0,128.0,5000.0,21,12
22,22,4.1,7285,15999,6.0,128.0,5000.0,22,12
23,23,4.2,21688,15999,8.0,128.0,5000.0,23,12
24,24,4.2,3525,10999,6.0,128.0,5000.0,24,12
25,25,4.2,3525,10999,6.0,128.0,5000.0,25,12
26,26,4.1,7285,15999,6.0,128.0,5000.0,26,12
27,27,4.2,3525,10999,6.0,128.0,5000.0,27,12
28,28,4.2,21133,13999,8.0,128.0,5000.0,28,12
29,33,4.2,54521,14499,6.0,128.0,5000.0,29,12
30,34,4.2,40239,13999,6.0,128.0,5000.0,30,12
31,35,4.2,85420,17499,6.0,128.0,5000.0,31,12
32,37,4.3,7885,21999,6.0,128.0,5000.0,32,12
33,38,4.3,7885,21999,6.0,128.0,5000.0,33,12
34,39,4.3,7885,21999,6.0,128.0,5000.0,34,12
35,41,4.2,85420,16499,6.0,64.0,5000.0,35,12
36,47,4.2,21576,19499,8.0,128.0,5000.0,36,12
37,48,4.3,48896,14999,4.0,64.0,5000.0,37,12
38,54,4.2,56081,16999,6.0,128.0,5000.0,38,12
39,56,4.2,21576,19499,8.0,128.0,5000.0,39,12
40,62,4.3,5304,27999,8.0,128.0,4500.0,40,12
41,66,4.2,85420,16499,6.0,64.0,5000.0,41,12
42,67,4.3,67498,11990,4.0,64.0,5000.0,42,12
43,72,4.2,85420,17499,6.0,128.0,5000.0,43,12
44,75,4.3,12889,27999,6.0,128.0,4500.0,44,12
45,76,4.2,85420,17499,6.0,128.0,5000.0,45,12
46,83,4.3,12889,27999,6.0,128.0,4500.0,46,12
47,86,4.3,64087,15999,4.0,64.0,5000.0,47,12
48,90,4.3,4739,32999,6.0,128.0,5065.0,48,12
49,98,4.3,67498,11999,4.0,64.0,5000.0,49,12
50,101,4.2,85420,16499,6.0,64.0,5000.0,50,12
51,107,4.3,4739,32999,6.0,128.0,5065.0,51,12
52,108,4.3,56643,25999,8.0,128.0,5160.0,52,12
53,112,4.3,5304,27999,8.0,128.0,4500.0,53,12
54,116,4.2,54521,17999,6.0,128.0,5000.0,54,12
55,120,4.4,12742,13999,8.0,128.0,5000.0,55,13
56,121,4.3,9101,11999,6.0,64.0,5000.0,56,13
57,122,4.4,12742,13999,8.0,128.0,5000.0,57,13
58,123,4.4,12742,13999,8.0,128.0,5000.0,58,13
59,124,4.3,9101,11999,6.0,64.0,5000.0,59,13
60,125,4.4,39053,10999,4.0,64.0,5000.0,60,13
61,126,4.4,39053,10999,4.0,64.0,5000.0,61,13
62,127,4.4,39053,10999,4.0,64.0,5000.0,62,13
63,128,4.3,9101,11999,6.0,64.0,5000.0,63,13
64,129,4.4,13111,10499,4.0,128.0,5000.0,64,13
65,130,4.4,13111,10499,4.0,128.0,5000.0,65,13
66,131,4.1,55030,6499,3.0,32.0,5000.0,66,13
67,133,4.4,13111,10499,4.0,128.0,5000.0,67,13
68,134,4.1,55030,6499,3.0,32.0,5000.0,68,13
69,135,4.1,55030,6499,3.0,32.0,5000.0,69,13
70,136,4.3,17768,19999,8.0,128.0,5000.0,70,13
71,137,4.3,17768,19999,8.0,128.0,5000.0,71,13
72,138,4.3,17768,19999,8.0,128.0,5000.0,72,13
73,139,4.3,24728,18999,6.0,128.0,5000.0,73,13
74,140,4.3,24728,18999,6.0,128.0,5000.0,74,13
75,141,4.3,24728,18999,6.0,128.0,5000.0,75,13
76,142,4.3,10967,12499,4.0,64.0,5000.0,76,13
77,143,4.3,10967,12499,4.0,64.0,5000.0,77,13
78,144,4.3,4676,15499,8.0,128.0,5000.0,78,13
79,145,4.4,4115,17999,8.0,128.0,5000.0,79,13
80,146,4.4,4115,17999,8.0,128.0,5000.0,80,13
81,147,4.3,4676,15499,8.0,128.0,5000.0,81,13
82,148,4.2,127,7076,3.0,32.0,5000.0,82,13
83,149,4.2,127,7078,3.0,32.0,5000.0,83,13
84,150,4.3,8557,16999,6.0,128.0,5000.0,84,13
85,151,4.5,48258,14999,4.0,64.0,5000.0,85,13
86,152,4.4,17460,12999,4.0,64.0,5000.0,86,13
87,153,4.3,11210,12999,6.0,128.0,5000.0,87,13
88,154,4.3,8557,16999,6.0,128.0,5000.0,88,13
89,155,4.3,8557,16999,6.0,128.0,5000.0,89,13
90,156,4.5,48258,14999,4.0,64.0,5000.0,90,13
91,157,4.3,11210,12999,6.0,128.0,5000.0,91,13
92,158,4.5,48258,14999,4.0,64.0,5000.0,92,13
93,159,4.3,359,13399,6.0,128.0,5000.0,93,13
94,160,4.4,51873,9999,4.0,128.0,6000.0,94,13
95,161,4.4,12742,15495,8.0,128.0,5000.0,95,13
96,162,4.4,17460,12350,4.0,64.0,5000.0,96,13
97,163,4.1,360,8449,4.0,64.0,5000.0,97,13
98,164,4.6,91242,7499,3.0,32.0,5000.0,98,13
99,167,4.6,91242,7499,3.0,32.0,5000.0,99,13
100,169,4.3,359,13589,6.0,128.0,5000.0,100,13
101,170,4.6,91242,7499,3.0,32.0,5000.0,101,13
102,171,4.4,25430,8999,3.0,32.0,5000.0,102,13
103,172,4.4,25430,8999,3.0,32.0,5000.0,103,13
104,173,4.4,25430,8999,3.0,32.0,5000.0,104,13
105,174,4.3,77321,12499,6.0,128.0,5000.0,105,13
106,176,4.4,51873,10489,4.0,128.0,6000.0,106,13
107,177,4.4,69800,9999,4.0,64.0,5000.0,107,13
108,178,4.4,69800,9999,4.0,64.0,5000.0,108,13
109,179,4.4,69800,9999,4.0,64.0,5000.0,109,13
110,180,4.3,63130,8949,4.0,64.0,5000.0,110,13
111,181,4.3,9393,23999,8.0,128.0,5000.0,111,13
112,182,4.3,9393,23999,8.0,128.0,5000.0,112,13
113,183,4.3,77321,12499,6.0,128.0,5000.0,113,13
114,184,4.4,13111,9999,4.0,64.0,5000.0,114,13
115,185,4.4,13111,9999,4.0,64.0,5000.0,115,13
116,188,4.4,13111,9999,4.0,64.0,5000.0,116,13
117,189,4.5,48051,8049,3.0,32.0,5000.0,117,13
118,190,4.5,48051,8049,3.0,32.0,5000.0,118,13
119,191,4.4,65343,8749,4.0,64.0,5000.0,119,13
120,192,4.4,65343,8749,4.0,64.0,5000.0,120,13
121,193,4.3,28717,15999,8.0,128.0,5000.0,121,13
122,196,4.4,16541,25999,8.0,128.0,5000.0,122,13
123,197,4.1,1238,11998,4.0,64.0,5000.0,123,13
124,198,4.1,1238,11300,4.0,64.0,5000.0,124,13
125,199,4.4,16541,25999,8.0,128.0,5000.0,125,13
126,200,4.4,16541,25999,8.0,128.0,5000.0,126,13
127,201,4.4,24462,24999,6.0,128.0,5000.0,127,13
128,202,4.1,1238,11979,4.0,128.0,5000.0,128,13
129,203,4.4,24462,24999,6.0,128.0,5000.0,129,13
130,204,4.4,24462,24999,6.0,128.0,5000.0,130,13
131,205,4.4,6173,6999,2.0,32.0,5000.0,131,13
132,206,4.4,6173,6999,2.0,32.0,5000.0,132,13
133,208,4.5,27119,14499,6.0,128.0,5000.0,133,13
134,213,4.4,28393,14999,6.0,128.0,5000.0,134,13
135,214,4.1,360,8427,4.0,64.0,5000.0,135,13
136,215,4.4,28393,14999,6.0,128.0,5000.0,136,13
137,216,4.4,51873,8999,4.0,64.0,6000.0,137,13
138,217,4.4,12742,15499,8.0,128.0,5000.0,138,13
139,219,4.4,51873,8999,4.0,64.0,6000.0,139,13
140,220,4.3,16739,11699,6.0,128.0,5000.0,140,13
141,221,4.3,63130,8910,4.0,64.0,5000.0,141,13
142,222,4.3,16739,11699,6.0,128.0,5000.0,142,13
143,224,4.3,9393,23999,8.0,128.0,5000.0,143,13
144,228,4.3,77321,11499,6.0,64.0,5000.0,144,13
145,229,4.3,77321,11499,6.0,64.0,5000.0,145,13
146,231,4.4,70506,17999,6.0,128.0,5000.0,146,13
147,233,4.3,28717,15999,8.0,128.0,5000.0,147,13
148,237,4.3,60355,12999,6.0,64.0,5000.0,148,13
149,238,4.3,11117,12999,8.0,128.0,4200.0,149,13
150,241,4.2,6505,8499,4.0,64.0,5000.0,150,13
151,244,4.3,4676,17999,8.0,128.0,5000.0,151,13
152,245,4.4,32551,19999,8.0,128.0,4500.0,152,13
153,246,4.5,41495,13499,4.0,64.0,5000.0,153,13
154,248,4.5,41495,13499,4.0,64.0,5000.0,154,13
155,258,4.4,72333,9499,3.0,32.0,5000.0,155,13
156,260,4.1,1238,11199,4.0,64.0,5000.0,156,13
157,261,4.2,6505,9290,4.0,64.0,5000.0,157,13
158,262,4.3,19257,34999,6.0,128.0,5000.0,158,13
159,263,4.3,178,16846,4.0,128.0,5000.0,159,13
160,265,4.5,47528,10999,4.0,64.0,5000.0,160,13
161,266,4.3,19257,34999,6.0,128.0,5000.0,161,13
162,267,4.5,47528,10999,4.0,64.0,5000.0,162,13
163,269,4.3,19257,34999,6.0,128.0,5000.0,163,13
164,270,4.3,13087,36999,8.0,128.0,5000.0,164,13
165,271,4.3,13087,36999,8.0,128.0,5000.0,165,13
166,272,4.4,85111,18999,6.0,128.0,5000.0,166,13
167,273,4.2,381,20990,6.0,128.0,5000.0,167,13
168,274,4.5,47528,11999,4.0,128.0,5000.0,168,13
169,275,4.2,111,21999,8.0,128.0,5000.0,169,13
170,276,4.3,77567,16499,4.0,128.0,5000.0,170,13
171,277,4.4,61201,17999,6.0,64.0,4300.0,171,13
172,279,4.4,80202,10499,4.0,64.0,4230.0,172,13
173,280,4.4,80202,10499,4.0,64.0,4230.0,173,13
174,283,4.1,55030,6049,3.0,32.0,5000.0,174,13
175,284,4.1,55030,6049,3.0,32.0,5000.0,175,13
176,287,4.4,65374,16999,6.0,128.0,5000.0,176,13
177,288,4.3,178,17999,4.0,64.0,5000.0,177,13
178,289,4.1,1238,12700,4.0,128.0,5000.0,178,13
179,290,4.2,381,20990,6.0,128.0,5000.0,179,13
180,291,4.1,55030,6049,3.0,32.0,5000.0,180,13
181,292,4.4,26968,17999,8.0,128.0,5000.0,181,13
182,297,4.3,11117,12999,8.0,128.0,4200.0,182,13
183,299,4.4,32192,17999,6.0,128.0,4500.0,183,13
184,306,4.1,55030,6049,3.0,32.0,5000.0,184,13
185,309,4.5,41495,13499,4.0,64.0,5000.0,185,13
186,310,4.5,41495,13499,4.0,64.0,5000.0,186,13
187,311,4.4,32192,17999,6.0,128.0,4500.0,187,13
188,312,4.4,32551,19999,8.0,128.0,4500.0,188,13
189,313,4.4,32192,17999,6.0,128.0,4500.0,189,13
190,314,4.4,32192,17999,6.0,128.0,4500.0,190,13
191,315,4.5,27119,14499,6.0,128.0,5000.0,191,13
192,318,4.4,32551,19999,8.0,128.0,4500.0,192,13
193,319,4.3,62922,22999,8.0,128.0,4300.0,193,13
194,320,4.3,62922,22999,8.0,128.0,4300.0,194,13
195,321,4.4,47287,20999,6.0,128.0,4300.0,195,13
196,322,4.4,50931,14999,6.0,128.0,5000.0,196,13
197,326,4.3,62922,22999,8.0,128.0,4300.0,197,13
198,327,4.3,62922,22999,8.0,128.0,4300.0,198,13
199,328,4.4,47287,20999,6.0,128.0,4300.0,199,13
200,329,4.4,50931,14999,6.0,128.0,5000.0,200,13
201,330,4.4,50931,14999,6.0,128.0,5000.0,201,13
202,331,4.4,50931,14999,6.0,128.0,5000.0,202,13
203,332,4.4,72333,9499,3.0,32.0,5000.0,203,13
204,333,4.4,47287,20999,6.0,128.0,4300.0,204,13
205,334,4.4,47287,20999,6.0,128.0,4300.0,205,13
206,335,4.3,108,17750,6.0,128.0,5000.0,206,13
207,337,4.3,15032,20999,8.0,128.0,5000.0,207,13
208,338,4.5,47528,11999,4.0,128.0,5000.0,208,13
209,339,4.4,44548,9999,4.0,64.0,6000.0,209,13
210,340,4.4,44548,10999,4.0,128.0,6000.0,210,13
211,341,4.3,15032,20999,8.0,128.0,5000.0,211,13
212,342,4.4,70506,17999,6.0,128.0,5000.0,212,13
213,343,4.4,44548,10999,4.0,128.0,6000.0,213,13
214,344,4.4,44548,9999,4.0,64.0,6000.0,214,13
215,345,4.4,85111,18999,6.0,128.0,5000.0,215,13
216,346,4.4,80202,10499,4.0,64.0,4230.0,216,13
217,347,4.4,85111,18999,6.0,128.0,5000.0,217,13
218,348,4.4,70390,18499,8.0,128.0,5000.0,218,13
219,350,4.4,65374,16999,6.0,128.0,5000.0,219,13
220,352,4.4,26968,17999,8.0,128.0,5000.0,220,13
221,354,4.4,86814,13999,4.0,64.0,4300.0,221,13
222,355,4.4,70390,18499,8.0,128.0,5000.0,222,13
223,356,4.3,77567,16499,4.0,128.0,5000.0,223,13
224,357,4.3,77567,15499,4.0,64.0,5000.0,224,13
225,358,4.3,77567,15499,4.0,64.0,5000.0,225,13
226,504,4.2,25145,8499,4.0,64.0,5000.0,226,15
227,509,4.2,25145,8499,4.0,64.0,5000.0,227,15
228,510,4.2,15053,14490,6.0,128.0,6000.0,228,15
229,511,4.2,15053,14490,6.0,128.0,6000.0,229,15
230,513,4.2,10236,15890,6.0,128.0,6000.0,230,15
231,516,4.2,6173,13490,4.0,128.0,6000.0,231,15
232,517,4.2,6173,13490,4.0,128.0,6000.0,232,15
233,518,4.2,6173,13490,4.0,128.0,6000.0,233,15
234,520,4.2,2481,17344,8.0,128.0,6000.0,234,15
235,521,4.2,2481,17236,8.0,128.0,6000.0,235,15
236,522,4.2,15053,14490,6.0,128.0,6000.0,236,15
237,523,4.1,2898,8093,4.0,64.0,5000.0,237,15
238,526,4.1,2898,7985,4.0,64.0,5000.0,238,15
239,529,4.2,43388,15999,4.0,128.0,5000.0,239,15
240,530,4.2,2481,17195,8.0,128.0,6000.0,240,15
241,531,4.2,784,12599,6.0,128.0,6000.0,241,15
242,532,4.2,2481,17332,8.0,128.0,6000.0,242,15
243,533,4.2,10236,15499,6.0,128.0,6000.0,243,15
244,537,4.1,2898,8989,4.0,128.0,5000.0,244,15
245,538,4.0,434,24994,8.0,128.0,5000.0,245,15
246,539,4.2,10236,15963,6.0,128.0,6000.0,246,15
247,540,4.1,2898,9999,4.0,128.0,5000.0,247,15
248,541,4.2,3489,10710,4.0,64.0,6000.0,248,15
249,542,4.2,1185,28685,8.0,128.0,4500.0,249,15
250,543,4.2,3489,10857,4.0,64.0,6000.0,250,15
251,544,4.2,1185,28990,8.0,128.0,4500.0,251,15
252,545,4.2,3489,10969,4.0,64.0,6000.0,252,15
253,546,4.0,1698,18999,6.0,128.0,5000.0,253,15
254,547,4.2,784,12645,6.0,128.0,6000.0,254,15
255,548,4.1,1133,16499,4.0,64.0,5000.0,255,15
256,549,4.2,43388,15999,4.0,128.0,5000.0,256,15
257,550,4.0,1698,18999,6.0,128.0,5000.0,257,15
258,551,4.1,3592,6775,2.0,32.0,5000.0,258,15
259,552,4.1,542,21999,6.0,128.0,5000.0,259,15
260,554,4.0,1698,18999,6.0,128.0,5000.0,260,15
261,555,4.2,784,12570,6.0,128.0,6000.0,261,15
262,556,4.1,1021,20999,8.0,128.0,5000.0,262,15
263,557,4.1,1021,20999,8.0,128.0,5000.0,263,15
264,559,4.2,1185,29990,8.0,128.0,4500.0,264,15
265,561,4.1,1133,16499,4.0,64.0,5000.0,265,15
266,562,4.2,715,30999,8.0,128.0,5000.0,266,15
267,563,4.2,3489,10900,4.0,64.0,6000.0,267,15
268,564,4.1,1133,16499,4.0,64.0,5000.0,268,15
269,565,4.2,715,30999,8.0,128.0,5000.0,269,15
270,566,4.1,703,24297,6.0,128.0,5000.0,270,15
271,568,4.2,715,30999,8.0,128.0,5000.0,271,15
272,569,4.2,715,30999,8.0,128.0,5000.0,272,15
273,570,4.1,542,21999,6.0,128.0,5000.0,273,15
274,571,4.2,10236,15899,6.0,128.0,6000.0,274,15
275,573,4.1,779,13799,4.0,64.0,5000.0,275,15
276,574,4.2,995,17499,6.0,128.0,5000.0,276,15
277,575,4.0,434,25470,8.0,128.0,5000.0,277,15
278,576,4.2,10236,15899,6.0,128.0,6000.0,278,15
279,577,4.2,995,17499,6.0,128.0,5000.0,279,15
280,579,4.3,54879,39999,8.0,128.0,4500.0,280,15
281,580,4.2,995,17499,6.0,128.0,5000.0,281,15
282,581,4.3,54879,39999,8.0,128.0,4500.0,282,15
283,582,4.2,10236,16380,6.0,128.0,6000.0,283,15
284,583,4.1,1021,20999,8.0,128.0,5000.0,284,15
285,584,4.3,54879,39999,8.0,128.0,4500.0,285,15
286,585,4.4,66,9999,3.0,64.0,5000.0,286,15
287,587,4.2,1228,15195,6.0,128.0,5000.0,287,15
288,588,4.2,1228,14990,6.0,128.0,5000.0,288,15
289,589,4.0,1008,29900,8.0,128.0,4500.0,289,15
290,590,4.0,434,25470,8.0,128.0,5000.0,290,15
291,592,4.4,66,9999,3.0,64.0,5000.0,291,15
292,593,4.1,74,12499,4.0,64.0,5000.0,292,15
293,595,4.3,567,19999,8.0,128.0,5000.0,293,15
294,596,4.1,74,12499,4.0,64.0,5000.0,294,15
295,597,4.2,995,17499,6.0,128.0,5000.0,295,15
296,599,4.0,46,12999,4.0,128.0,5000.0,296,15
297,601,4.2,4476,15899,6.0,128.0,6000.0,297,15
298,605,4.1,3592,7499,2.0,32.0,5000.0,298,15
299,607,4.2,1228,14995,6.0,128.0,5000.0,299,15
300,609,4.2,447,16499,6.0,128.0,5000.0,300,15
301,615,4.3,233,15779,6.0,128.0,6000.0,301,15
302,616,4.2,430,12678,4.0,64.0,6000.0,302,15
303,619,4.1,3940,16200,6.0,128.0,5000.0,303,15
304,623,4.3,68185,15899,4.0,64.0,4000.0,304,15
305,624,4.3,414,38999,8.0,128.0,5000.0,305,15
306,625,4.1,6297,22999,8.0,128.0,5000.0,306,15
307,627,4.0,46,12999,4.0,128.0,5000.0,307,15
308,628,4.1,1044,28999,8.0,128.0,5000.0,308,15
309,629,4.2,1185,28980,8.0,128.0,4500.0,309,15
310,630,4.3,2204,25990,6.0,128.0,4500.0,310,15
311,632,4.3,66768,13499,6.0,128.0,6000.0,311,15
312,633,4.1,779,13799,4.0,64.0,5000.0,312,15
313,637,4.1,916,8199,3.0,32.0,5000.0,313,15
314,638,4.1,916,9990,3.0,32.0,5000.0,314,15
315,639,4.2,447,16499,6.0,128.0,5000.0,315,15
316,640,4.0,1008,27998,8.0,128.0,4500.0,316,15
317,642,4.3,54879,39999,8.0,128.0,4500.0,317,15
318,643,4.2,1636,36990,8.0,128.0,5000.0,318,15
319,644,4.3,66768,13499,6.0,128.0,6000.0,319,15
320,645,4.7,7,9850,3.0,64.0,5000.0,320,15
321,646,4.1,3592,7462,2.0,32.0,5000.0,321,15
322,647,4.1,3592,7790,2.0,32.0,5000.0,322,15
323,650,4.1,1922,27999,6.0,128.0,5000.0,323,15
324,652,4.1,3592,7199,2.0,32.0,5000.0,324,15
325,654,4.1,74,13499,4.0,128.0,5000.0,325,15
326,655,4.2,1636,41999,8.0,128.0,5000.0,326,15
327,656,4.0,46,11999,4.0,64.0,5000.0,327,15
328,658,4.1,859,14499,4.0,64.0,5000.0,328,15
329,660,4.2,4476,18999,6.0,128.0,6000.0,329,15
330,661,4.2,40,11499,4.0,128.0,5000.0,330,15
331,662,4.0,46,12999,4.0,128.0,5000.0,331,15
332,665,4.1,74,13499,4.0,128.0,5000.0,332,15
333,666,4.2,2659,40999,8.0,128.0,4500.0,333,15
334,667,4.1,1353,17999,6.0,128.0,5000.0,334,15
335,669,4.0,1008,28500,8.0,128.0,4500.0,335,15
336,670,4.4,16,30999,6.0,128.0,5000.0,336,15
337,671,4.2,1129,18450,6.0,128.0,5000.0,337,15
338,672,4.1,859,14999,4.0,128.0,5000.0,338,15
339,680,4.2,40,11499,4.0,128.0,5000.0,339,15
340,682,4.1,1044,27995,8.0,128.0,5000.0,340,15
341,684,4.1,1044,27499,8.0,128.0,5000.0,341,15
342,686,4.2,1467,17990,8.0,128.0,5000.0,342,15
343,687,4.1,3940,16900,6.0,128.0,5000.0,343,15
344,688,4.0,1817,8487,3.0,32.0,5000.0,344,15
345,689,4.2,10468,19998,6.0,64.0,5000.0,345,15
346,693,4.2,4546,9499,3.0,32.0,5000.0,346,15
347,694,4.4,7289,29499,8.0,128.0,4500.0,347,15
348,696,4.2,7806,12127,6.0,128.0,6000.0,348,15
349,697,4.2,1467,18999,8.0,128.0,5000.0,349,15
350,698,4.2,1129,16999,6.0,128.0,5000.0,350,15
351,699,4.2,1300,9176,3.0,32.0,5000.0,351,15
352,700,4.2,430,11390,4.0,64.0,6000.0,352,15
353,701,4.1,193,11499,4.0,64.0,5000.0,353,15
354,702,4.2,4546,9499,3.0,32.0,5000.0,354,15
355,703,4.2,23004,17998,4.0,64.0,5000.0,355,15
356,704,4.0,1429,7766,2.0,32.0,5000.0,356,15
357,707,4.1,859,14499,4.0,64.0,5000.0,357,15
358,709,4.1,2546,24999,6.0,128.0,5000.0,358,15
359,710,4.2,10468,19998,6.0,64.0,5000.0,359,15
360,712,4.1,1558,33499,8.0,128.0,5000.0,360,15
361,713,4.3,7505,16590,6.0,128.0,6000.0,361,15
362,714,4.2,1467,19999,8.0,128.0,5000.0,362,15
363,717,4.2,4594,11499,4.0,64.0,5000.0,363,15
364,722,4.2,10712,10999,3.0,32.0,5000.0,364,15
365,723,4.1,1353,17999,6.0,128.0,5000.0,365,15
366,727,4.2,23004,13999,4.0,64.0,5000.0,366,15
367,728,4.2,91,11490,4.0,64.0,6000.0,367,15
368,730,4.3,1303,31998,8.0,128.0,4500.0,368,15
369,732,4.0,1817,8298,3.0,32.0,5000.0,369,15
370,733,4.3,2204,30498,6.0,128.0,4500.0,370,15
371,734,4.3,4323,15999,4.0,128.0,6000.0,371,15
372,735,4.3,816,19000,6.0,128.0,6000.0,372,15
373,737,4.2,1252,10190,4.0,64.0,5000.0,373,15
374,738,4.1,1353,17999,6.0,128.0,5000.0,374,15
375,739,4.2,4546,10499,3.0,32.0,5000.0,375,15
376,740,4.3,1234,12900,3.0,32.0,4000.0,376,15
377,743,4.2,10468,18999,6.0,128.0,5000.0,377,15
378,744,4.4,6810,12499,4.0,64.0,5000.0,378,10
379,745,4.5,5055,9499,3.0,64.0,5000.0,379,10
380,746,4.4,6810,12499,4.0,64.0,5000.0,380,10
381,747,4.4,6810,12499,4.0,64.0,5000.0,381,10
382,748,4.3,879,16499,8.0,128.0,5000.0,382,10
383,749,4.4,6810,11929,4.0,64.0,5000.0,383,10
384,750,4.3,879,16499,8.0,128.0,5000.0,384,10
385,751,4.3,9921,29999,8.0,128.0,4800.0,385,10
386,752,4.3,9921,29999,8.0,128.0,4800.0,386,10
387,753,4.4,940,18798,8.0,128.0,5000.0,387,10
388,754,4.4,940,18498,8.0,128.0,5000.0,388,10
389,755,4.5,5055,9820,3.0,64.0,5000.0,389,10
390,756,4.5,5055,9499,3.0,64.0,5000.0,390,10
391,757,4.5,5055,9499,3.0,64.0,5000.0,391,10
392,758,4.4,4498,20999,8.0,128.0,4500.0,392,10
393,759,4.1,511,21699,8.0,128.0,4500.0,393,10
394,760,4.3,37318,29999,8.0,128.0,4500.0,394,10
395,761,4.5,5055,9349,3.0,64.0,5000.0,395,10
396,762,4.3,2203,11990,3.0,32.0,4230.0,396,10
397,763,4.3,2203,9490,3.0,32.0,4230.0,397,10
398,764,4.3,37318,29999,8.0,128.0,4500.0,398,10
399,765,4.4,3001,13999,4.0,64.0,5000.0,399,10
400,766,4.2,790,24497,8.0,128.0,4500.0,400,10
401,767,4.2,790,25388,8.0,128.0,4500.0,401,10
402,768,4.4,3001,13999,4.0,64.0,5000.0,402,10
403,769,4.1,69,18989,8.0,128.0,5000.0,403,10
404,771,4.2,796,15499,4.0,64.0,5000.0,404,10
405,772,4.3,916,9490,3.0,32.0,4230.0,405,10
406,774,4.4,3001,13999,4.0,64.0,5000.0,406,10
407,775,4.4,3001,13995,4.0,64.0,5000.0,407,10
408,776,4.1,511,20900,8.0,128.0,4500.0,408,10
409,777,4.2,796,15999,4.0,128.0,5000.0,409,10
410,778,4.3,700,9990,3.0,32.0,4230.0,410,10
411,779,4.2,796,15999,4.0,128.0,5000.0,411,10
412,780,4.3,469,16490,6.0,128.0,5000.0,412,10
413,781,4.3,916,9900,3.0,32.0,4230.0,413,10
414,782,4.4,11092,13990,4.0,64.0,5000.0,414,10
415,783,4.4,11092,14499,4.0,64.0,5000.0,415,10
416,784,4.1,33,19450,8.0,128.0,5000.0,416,10
417,785,4.3,22149,12988,4.0,64.0,4230.0,417,10
418,786,4.3,4035,13990,4.0,64.0,5000.0,418,10
419,788,4.3,28618,19990,8.0,128.0,4015.0,419,10
420,789,4.4,11594,19990,6.0,128.0,5000.0,420,10
421,790,4.3,4035,13999,4.0,64.0,5000.0,421,10
422,791,4.3,1272,13999,4.0,128.0,5000.0,422,10
423,792,4.5,82838,11990,4.0,64.0,5000.0,423,10
424,793,4.4,29604,11990,2.0,16.0,4230.0,424,10
425,794,4.3,5837,14990,4.0,128.0,4230.0,425,10
426,795,4.3,28408,15490,6.0,128.0,5000.0,426,10
427,796,4.4,4710,32990,8.0,128.0,4025.0,427,10
428,798,4.2,796,15499,4.0,64.0,5000.0,428,10
429,800,4.0,258,10990,2.0,32.0,4230.0,429,10
430,801,4.4,29604,11990,2.0,16.0,4230.0,430,10
431,802,4.3,5264,16990,8.0,128.0,5000.0,431,10
432,803,4.3,700,9490,3.0,32.0,4230.0,432,10
433,804,4.4,51589,10490,3.0,32.0,5000.0,433,10
434,805,4.3,916,9990,3.0,32.0,4230.0,434,10
435,806,4.0,258,9990,2.0,32.0,4230.0,435,10
436,807,4.3,1253,19000,6.0,128.0,5000.0,436,10
437,808,4.4,69762,25999,8.0,128.0,5000.0,437,10
438,809,4.4,51589,9090,3.0,32.0,5000.0,438,10
439,810,4.5,2384,27990,6.0,128.0,3400.0,439,10
440,811,4.5,2384,27990,6.0,128.0,3400.0,440,10
441,812,4.3,1887,17899,6.0,128.0,5000.0,441,10
442,813,4.3,28618,18999,8.0,128.0,4015.0,442,10
443,814,4.3,28618,19990,8.0,128.0,4015.0,443,10
444,815,4.4,75515,9990,3.0,32.0,4230.0,444,10
445,816,4.5,2384,27990,6.0,128.0,3400.0,445,10
446,817,4.3,29964,12149,6.0,128.0,4230.0,446,10
447,818,4.3,22149,12990,4.0,64.0,4230.0,447,10
448,819,4.3,1887,17899,6.0,128.0,5000.0,448,10
449,820,4.3,28618,19990,8.0,128.0,4015.0,449,10
450,821,4.3,14189,8090,2.0,32.0,4000.0,450,10
451,822,4.3,1253,20980,6.0,128.0,5000.0,451,10
452,823,4.3,53573,29990,8.0,128.0,4300.0,452,10
453,824,4.3,1272,13999,4.0,128.0,5000.0,453,10
454,825,4.3,5837,10434,4.0,128.0,4230.0,454,10
455,826,4.5,2384,27990,6.0,128.0,3400.0,455,10
456,827,4.3,1081,17999,8.0,128.0,5000.0,456,10
457,828,4.1,10,39990,8.0,128.0,3765.0,457,10
458,829,4.3,1272,13999,4.0,128.0,5000.0,458,10
459,830,4.4,67861,10990,4.0,64.0,4230.0,459,10
460,831,4.3,1272,13499,4.0,64.0,5000.0,460,10
461,832,4.4,75515,9990,3.0,32.0,4230.0,461,10
462,833,4.3,28618,18999,8.0,128.0,4015.0,462,10
463,834,4.4,9706,35990,8.0,128.0,4350.0,463,10
464,835,4.4,75515,9990,3.0,32.0,4230.0,464,10
465,836,4.2,1005,25999,8.0,128.0,4500.0,465,10
466,837,4.3,22149,10920,4.0,64.0,4230.0,466,10
467,838,4.4,56140,13990,6.0,128.0,5000.0,467,10
468,839,4.4,31683,19990,8.0,128.0,4310.0,468,10
469,840,4.4,67861,10990,4.0,64.0,4230.0,469,10
470,841,4.3,259,20990,4.0,64.0,3200.0,470,10
471,842,4.3,1272,14999,4.0,64.0,5000.0,471,10
472,843,4.5,152,20990,8.0,128.0,5000.0,472,10
473,844,4.5,152,20990,8.0,128.0,5000.0,473,10
474,845,4.4,68944,15990,6.0,128.0,5000.0,474,10
475,846,4.4,67861,10990,4.0,64.0,4230.0,475,10
476,847,4.4,75515,9990,3.0,32.0,4230.0,476,10
477,848,4.2,7395,8490,2.0,32.0,4230.0,477,10
478,849,4.3,469,16490,6.0,128.0,5000.0,478,10
479,850,4.3,28408,15490,6.0,128.0,5000.0,479,10
480,851,4.2,7395,7990,2.0,32.0,4230.0,480,10
481,852,4.4,68944,15990,6.0,128.0,5000.0,481,10
482,853,4.3,14189,8590,2.0,32.0,4000.0,482,10
483,854,4.4,56140,13990,6.0,128.0,5000.0,483,10
484,855,4.4,31683,19990,8.0,128.0,4310.0,484,10
485,858,4.4,4710,32990,8.0,128.0,4025.0,485,10
486,859,4.4,4710,32990,8.0,128.0,4025.0,486,10
487,860,4.4,5785,19990,4.0,32.0,3200.0,487,10
488,861,4.1,23,13989,4.0,64.0,5000.0,488,10
489,862,4.4,3059,14990,3.0,64.0,5000.0,489,10
490,863,4.4,1362,16990,4.0,128.0,4020.0,490,10
491,864,4.3,45924,31999,6.0,128.0,4410.0,491,1
492,865,4.3,45924,31999,6.0,128.0,4410.0,492,1
493,869,4.0,1994,43999,8.0,128.0,4300.0,493,1
494,870,4.0,1994,43999,8.0,128.0,4300.0,494,1
495,871,4.0,1994,43999,8.0,128.0,4300.0,495,1
496,881,4.4,9674,15999,8.0,128.0,5000.0,496,16
497,882,4.4,40179,13999,6.0,128.0,5000.0,497,16
498,883,4.4,9674,15999,8.0,128.0,5000.0,498,16
499,884,4.4,40179,13999,6.0,128.0,5000.0,499,16
500,885,4.4,9674,15999,8.0,128.0,5000.0,500,16
501,886,4.4,40179,13999,6.0,128.0,5000.0,501,16
502,887,4.5,22528,12999,4.0,128.0,5000.0,502,16
503,888,4.5,22528,12999,4.0,128.0,5000.0,503,16
504,889,4.5,22528,12999,4.0,128.0,5000.0,504,16
505,890,4.4,4264,20999,8.0,128.0,4500.0,505,16
506,891,4.4,4264,20999,8.0,128.0,4500.0,506,16
507,892,4.5,22618,18999,6.0,128.0,4500.0,507,16
508,893,4.5,22618,18999,6.0,128.0,4500.0,508,16
509,894,4.3,6963,17999,8.0,128.0,5000.0,509,16
510,895,4.3,6963,17999,8.0,128.0,5000.0,510,16
511,896,4.4,61172,15999,6.0,128.0,5000.0,511,16
512,897,4.4,61172,15999,6.0,128.0,5000.0,512,16
513,898,4.4,61172,15999,6.0,128.0,5000.0,513,16
514,901,4.3,6963,17999,8.0,128.0,5000.0,514,16
515,902,4.4,13774,32999,8.0,128.0,4600.0,515,16
516,903,4.4,13774,32999,8.0,128.0,4600.0,516,16
517,904,4.3,2702,12999,4.0,128.0,5000.0,517,16
518,905,4.3,2483,10499,3.0,64.0,5000.0,518,16
519,906,4.4,3153,16999,8.0,128.0,5000.0,519,16
520,907,4.4,3153,16999,8.0,128.0,5000.0,520,16
521,908,4.3,2702,11999,4.0,64.0,5000.0,521,16
522,909,4.3,2483,10999,3.0,64.0,5000.0,522,16
523,910,4.3,4622,11218,3.0,64.0,5000.0,523,16
524,911,4.3,2702,12999,4.0,128.0,5000.0,524,16
525,914,4.3,2702,12868,4.0,128.0,5000.0,525,16
526,915,4.3,2702,11999,4.0,64.0,5000.0,526,16
527,916,4.3,7628,25990,8.0,128.0,4500.0,527,16
528,917,4.3,7628,27999,8.0,128.0,4500.0,528,16
529,918,4.3,12835,17899,8.0,128.0,5000.0,529,16
530,919,4.3,2702,12890,4.0,128.0,5000.0,530,16
531,921,4.3,2483,10989,3.0,32.0,5000.0,531,16
532,922,4.3,2483,10989,3.0,32.0,5000.0,532,16
533,923,4.2,1100,19999,8.0,128.0,5000.0,533,16
534,924,4.4,26425,28485,8.0,128.0,4200.0,534,16
535,925,4.3,1794,9989,3.0,32.0,4030.0,535,16
536,926,4.2,1100,19999,8.0,128.0,5000.0,536,16
537,927,4.3,86,17999,4.0,128.0,5000.0,537,16
538,928,4.3,1326,23999,8.0,128.0,4500.0,538,16
539,929,4.3,1326,23999,8.0,128.0,4500.0,539,16
540,930,4.4,19641,24999,8.0,128.0,4700.0,540,16
541,931,4.4,10127,17690,8.0,128.0,4000.0,541,16
542,932,4.4,26425,31989,8.0,128.0,4200.0,542,16
543,933,4.3,2698,19990,8.0,128.0,4050.0,543,16
544,934,4.3,86,17999,4.0,128.0,5000.0,544,16
545,935,4.4,19641,24999,8.0,128.0,4700.0,545,16
546,936,4.4,8984,23999,6.0,128.0,4700.0,546,16
547,937,4.3,12835,15999,8.0,128.0,5000.0,547,16
548,942,4.3,2304,17990,4.0,64.0,5000.0,548,16
549,944,4.4,1727,15499,4.0,128.0,5000.0,549,16
550,945,4.4,10127,19990,8.0,128.0,4000.0,550,16
551,950,4.4,1727,15499,4.0,128.0,5000.0,551,16
552,951,4.2,2440,24990,8.0,128.0,4050.0,552,16
553,952,4.4,8984,23999,6.0,128.0,4700.0,553,16
554,953,4.4,426,19979,8.0,128.0,5000.0,554,16
555,954,4.3,1320,19990,6.0,128.0,5000.0,555,16
556,955,4.2,2440,24899,8.0,128.0,4050.0,556,16
557,957,4.3,6743,35999,8.0,128.0,4830.0,557,16
558,958,4.4,426,19989,8.0,128.0,5000.0,558,16
559,959,4.3,340,12190,3.0,64.0,5000.0,559,16
560,961,4.3,2304,13980,4.0,64.0,5000.0,560,16
561,962,4.3,1326,25499,8.0,128.0,4500.0,561,16
562,963,4.3,6743,35999,8.0,128.0,4830.0,562,16
563,965,4.3,340,12190,3.0,64.0,5000.0,563,16
564,967,4.4,5070,37999,8.0,128.0,4600.0,564,16
565,968,4.4,5070,37999,8.0,128.0,4600.0,565,16
566,969,4.3,17455,27990,8.0,128.0,4000.0,566,16
567,970,4.3,17455,27990,8.0,128.0,4000.0,567,16
568,972,4.3,1320,19990,6.0,128.0,5000.0,568,16
569,973,4.3,1367,17990,4.0,64.0,5000.0,569,16
570,974,4.3,1367,17990,4.0,64.0,5000.0,570,16
571,975,4.3,17707,19990,8.0,128.0,5000.0,571,16
572,976,4.3,1367,14999,4.0,128.0,5000.0,572,16
573,977,4.5,92258,16990,4.0,64.0,5000.0,573,16
574,978,4.5,92258,16990,4.0,64.0,5000.0,574,16
575,979,4.4,5319,14999,6.0,128.0,5000.0,575,16
576,980,4.4,5319,14999,6.0,128.0,5000.0,576,16
577,981,4.5,92258,12999,4.0,128.0,5000.0,577,16
578,982,4.4,10127,22000,8.0,128.0,4000.0,578,16
579,983,4.2,1609,7999,2.0,32.0,5000.0,579,16
580,985,4.3,4622,10499,3.0,32.0,5000.0,580,16
581,987,4.3,4622,11899,3.0,64.0,5000.0,581,16
582,988,4.3,1794,9490,3.0,32.0,4030.0,582,16
583,989,4.3,2698,16988,8.0,128.0,4050.0,583,16
584,990,4.5,12846,15148,4.0,128.0,4500.0,584,16
585,991,4.3,2531,14640,6.0,64.0,5000.0,585,16
586,994,4.3,67447,15990,4.0,128.0,5000.0,586,16
587,995,4.3,67447,15990,4.0,128.0,5000.0,587,16
588,996,4.3,67447,15990,4.0,128.0,5000.0,588,16
589,997,4.3,2531,15490,6.0,64.0,5000.0,589,16
590,998,4.4,1370,21990,8.0,128.0,5000.0,590,16
591,1000,4.4,1370,21990,8.0,128.0,5000.0,591,16
592,1003,4.3,1367,14990,4.0,128.0,5000.0,592,16
593,1004,4.3,4622,10990,3.0,32.0,5000.0,593,16
594,1005,4.3,542,12999,3.0,32.0,5000.0,594,16
595,1006,4.2,1405,11490,3.0,32.0,5000.0,595,16
596,1007,4.3,1367,14889,4.0,128.0,5000.0,596,16
597,1008,4.2,1405,11699,3.0,64.0,5000.0,597,16
598,1009,4.3,542,12999,3.0,32.0,5000.0,598,16
599,1010,4.3,6342,18990,6.0,128.0,5000.0,599,16
600,1011,4.3,6342,17499,6.0,128.0,5000.0,600,16
601,1012,4.3,4402,9499,3.0,32.0,5000.0,601,16
602,1013,4.3,6743,28990,8.0,128.0,4830.0,602,16
603,1014,4.2,1405,11390,3.0,32.0,5000.0,603,16
604,1016,4.3,43082,9990,2.0,32.0,4030.0,604,16
605,1017,4.4,3957,37999,8.0,128.0,4300.0,605,16
606,1018,4.4,3957,37990,8.0,128.0,4300.0,606,16
607,1019,4.3,3848,38990,8.0,128.0,4300.0,607,16
608,1023,4.3,14939,17449,4.0,64.0,5000.0,608,16
609,1030,4.5,92258,16999,4.0,128.0,5000.0,609,16
610,1031,4.3,14249,18990,4.0,128.0,5000.0,610,16
611,1032,4.4,10887,13499,3.0,64.0,5000.0,611,16
612,1033,4.5,17911,24990,6.0,64.0,3315.0,612,16
613,1035,4.5,3791,43990,8.0,128.0,4450.0,613,16
614,1038,4.4,44968,10990,3.0,32.0,5000.0,614,16
615,1040,4.4,44968,10990,3.0,32.0,5000.0,615,16
616,1045,4.4,44968,10999,3.0,64.0,5000.0,616,16
617,1046,4.3,1897,36990,6.0,128.0,3200.0,617,16
618,1048,4.4,17528,22221,4.0,64.0,3225.0,618,16
619,1050,4.3,17455,27990,8.0,128.0,4000.0,619,16
620,1051,4.4,26963,19990,4.0,32.0,3260.0,620,16
621,1053,4.3,42,9999,4.0,64.0,5000.0,621,16
622,1054,4.4,16017,10990,3.0,32.0,4030.0,622,16
623,1056,4.4,51306,13990,3.0,32.0,3260.0,623,16
624,1058,4.5,90513,23990,4.0,64.0,3260.0,624,16
625,1059,4.5,8601,27990,8.0,128.0,4500.0,625,16
626,1060,4.5,90513,23990,4.0,64.0,3260.0,626,16
627,1061,4.5,8601,27990,8.0,128.0,4500.0,627,16
628,1062,4.3,1946,15999,4.0,64.0,5000.0,628,16
629,1063,4.5,31254,32990,6.0,128.0,3700.0,629,16
630,1064,4.4,13534,30990,8.0,128.0,4500.0,630,16
631,1066,4.4,2742,17989,8.0,128.0,5000.0,631,16
632,1068,4.4,1370,21990,8.0,128.0,5000.0,632,16
633,1070,4.3,17455,27990,8.0,128.0,4000.0,633,16
634,1072,4.3,2531,15490,6.0,64.0,5000.0,634,16
635,1073,4.3,14939,13499,4.0,128.0,5000.0,635,16
636,1074,4.3,14939,13499,4.0,128.0,5000.0,636,16
637,1075,4.3,4402,9849,3.0,32.0,5000.0,637,16
638,1076,4.3,3848,38990,8.0,128.0,4300.0,638,16
639,1077,4.4,8666,15990,6.0,128.0,5000.0,639,16
640,1078,4.4,8666,16290,6.0,128.0,5000.0,640,16
641,1079,4.3,16283,9990,3.0,32.0,5000.0,641,16
642,1080,4.3,16283,9990,3.0,32.0,5000.0,642,16
643,1081,4.3,14939,14499,4.0,64.0,5000.0,643,16
644,1083,4.3,43082,7990,2.0,32.0,4030.0,644,16
645,1085,4.4,10887,9999,3.0,64.0,5000.0,645,16
646,1086,4.3,1912,10990,3.0,64.0,5000.0,646,16
647,1087,4.3,19513,20990,8.0,128.0,5000.0,647,16
648,1088,4.5,92258,15495,4.0,128.0,5000.0,648,16
649,1089,4.3,8006,24990,8.0,128.0,4000.0,649,16
650,1090,4.3,8006,23999,8.0,128.0,4000.0,650,16
651,1092,4.4,5623,13990,4.0,64.0,5000.0,651,16
652,1094,4.3,10554,17990,8.0,128.0,5000.0,652,16
653,1095,4.3,10554,18490,8.0,128.0,5000.0,653,16
654,1096,4.3,3241,16990,6.0,128.0,5000.0,654,16
655,1099,4.4,69103,29999,8.0,128.0,4500.0,655,9
656,1102,4.2,3620,12588,8.0,128.0,6000.0,656,14
657,1103,4.2,3620,12166,8.0,128.0,6000.0,657,14
658,1104,4.2,6837,7790,3.0,32.0,5000.0,658,14
659,1105,4.1,26218,7175,2.0,32.0,5000.0,659,14
660,1106,4.1,134,11390,4.0,64.0,6000.0,660,14
661,1107,4.2,4034,23990,6.0,128.0,5000.0,661,5
662,1108,4.2,6837,8199,3.0,32.0,5000.0,662,14
663,1109,4.2,6837,8290,3.0,32.0,5000.0,663,14
664,1110,4.2,6098,18999,8.0,128.0,4250.0,664,5
665,1111,4.2,6098,18999,8.0,128.0,4250.0,665,5
666,1112,4.2,12062,23999,6.0,128.0,4500.0,666,5
667,1113,4.1,26218,7199,2.0,32.0,5000.0,667,14
668,1120,4.1,26218,7343,2.0,32.0,5000.0,668,14
669,1121,4.2,13149,18985,6.0,128.0,4250.0,669,5
670,1122,4.2,3241,19199,8.0,128.0,5000.0,670,14
671,1123,4.1,3657,24996,8.0,128.0,5000.0,671,5
672,1124,4.2,2930,22990,6.0,128.0,4520.0,672,5
673,1125,4.2,15294,16599,6.0,128.0,4030.0,673,5
674,1126,3.9,504,34999,8.0,128.0,4520.0,674,5
675,1127,4.1,3657,37999,8.0,128.0,5000.0,675,5
676,1129,4.0,630,32499,8.0,128.0,5000.0,676,5
677,1130,4.2,21766,26999,8.0,128.0,5160.0,677,5
678,1131,4.2,3576,24990,6.0,128.0,4250.0,678,5
679,1132,3.9,504,28799,8.0,128.0,4520.0,679,5
680,1133,4.1,196,11999,6.0,128.0,5000.0,680,14
681,1136,4.2,2433,32990,8.0,128.0,4520.0,681,5
682,1137,4.2,2433,34499,8.0,128.0,4520.0,682,5
683,1138,4.2,2433,25990,8.0,128.0,4520.0,683,5
684,1139,4.2,2930,24999,6.0,128.0,4520.0,684,5
685,1140,4.1,134,12999,4.0,64.0,6000.0,685,14
686,1142,4.2,3688,38849,8.0,128.0,5000.0,686,5
687,1145,4.2,1777,26999,8.0,128.0,4250.0,687,5
688,1146,4.3,14942,9399,3.0,32.0,5000.0,688,14
689,1147,4.2,18404,8999,3.0,32.0,5000.0,689,14
690,1150,4.1,60,15999,6.0,128.0,6000.0,690,14
691,1152,4.5,51408,22999,6.0,64.0,4000.0,691,14
692,1155,4.5,51408,22999,6.0,64.0,4000.0,692,14
693,1156,4.3,38829,14999,4.0,64.0,4030.0,693,5
694,1158,4.2,6043,15699,6.0,64.0,5000.0,694,14
695,1159,4.1,134,12499,4.0,64.0,6000.0,695,14
696,1160,4.2,6043,17999,6.0,128.0,5000.0,696,14
697,1161,4.2,6043,16795,6.0,64.0,5000.0,697,14
698,1162,4.2,13149,21999,6.0,128.0,4250.0,698,5
699,1163,4.2,6098,18999,8.0,128.0,4250.0,699,5
700,1164,4.2,38416,24999,6.0,128.0,5160.0,700,5
701,1166,4.4,6775,8999,3.0,32.0,4000.0,701,14
702,1167,4.4,6775,8799,3.0,32.0,4000.0,702,14
703,1168,4.2,3576,21499,6.0,128.0,4250.0,703,5
704,1169,4.3,539,13499,4.0,64.0,5018.0,704,14
705,1170,4.3,14374,7699,2.0,32.0,4000.0,705,14
706,1171,4.2,2756,20999,8.0,128.0,5000.0,706,14
707,1172,4.2,3576,22500,6.0,128.0,4250.0,707,5
708,1175,4.2,1777,22800,8.0,128.0,4250.0,708,5
709,1176,4.2,38416,24999,6.0,128.0,5160.0,709,5
710,1179,4.3,21818,6660,2.0,32.0,5000.0,710,14
711,1181,4.2,1777,22990,8.0,128.0,4250.0,711,5
712,1183,4.3,539,13799,4.0,128.0,5020.0,712,14
713,1184,4.3,21818,6995,2.0,32.0,5000.0,713,14
714,1187,4.5,51408,22999,6.0,64.0,4000.0,714,14
715,1188,4.3,14942,7079,3.0,32.0,5000.0,715,14
716,1192,4.3,18759,14999,3.0,32.0,4850.0,716,5
717,1193,4.3,14942,7290,3.0,32.0,5000.0,717,14
718,1196,4.3,18759,14999,3.0,32.0,4850.0,718,5
719,1198,4.3,18759,14999,3.0,32.0,4850.0,719,5
720,1201,4.3,18759,14999,3.0,32.0,4850.0,720,5
721,1203,4.2,38416,24999,6.0,128.0,5160.0,721,5
722,1206,4.3,18759,14999,3.0,32.0,4850.0,722,5
723,1207,4.2,6800,28999,8.0,128.0,4500.0,723,5
724,1210,4.2,18404,9999,3.0,64.0,5000.0,724,14
725,1215,4.2,1405,17990,6.0,128.0,5000.0,725,14
726,1218,4.3,3019,23999,6.0,64.0,4820.0,726,5
727,1224,4.2,15294,17499,6.0,128.0,4030.0,727,5
728,1231,4.2,13149,21999,6.0,128.0,4250.0,728,5
729,1235,4.5,51408,24999,6.0,128.0,4000.0,729,14
730,1239,4.5,51408,24999,6.0,128.0,4000.0,730,14
731,1241,4.2,18404,8999,3.0,32.0,5000.0,731,14
732,1244,4.2,6043,18999,6.0,64.0,5000.0,732,14
733,1245,4.5,51408,22999,6.0,64.0,4000.0,733,14
734,1248,4.2,18404,8999,3.0,32.0,5000.0,734,14
735,1249,4.2,18404,9999,3.0,64.0,5000.0,735,14
736,1251,4.2,6043,18999,6.0,64.0,5000.0,736,14
737,1253,4.5,51408,22999,6.0,64.0,4000.0,737,14
738,1256,4.2,38416,24999,6.0,128.0,5160.0,738,5
739,1260,4.3,6041,37999,6.0,128.0,3400.0,739,5
740,1262,3.9,504,28699,8.0,128.0,4520.0,740,5
741,1263,4.5,51408,24999,6.0,128.0,4000.0,741,14
742,1266,4.2,3576,24999,6.0,128.0,4250.0,742,5
743,1267,4.2,21766,26999,8.0,128.0,5160.0,743,5
744,1268,4.2,12062,23999,6.0,128.0,4500.0,744,5
745,1271,4.2,3576,24999,6.0,128.0,4250.0,745,5
746,1275,4.2,1777,22999,8.0,128.0,4250.0,746,5
747,1277,4.0,630,42999,8.0,128.0,5000.0,747,5
748,1281,4.4,44298,14999,4.0,64.0,5300.0,748,5
749,1288,4.3,3019,23999,6.0,64.0,4820.0,749,5
750,1290,4.2,2756,21450,8.0,128.0,5000.0,750,14
751,1291,4.2,6433,20451,6.0,128.0,5000.0,751,14
752,1292,4.2,2756,21990,8.0,128.0,5000.0,752,14
753,1336,4.3,4,8999,3.0,32.0,5050.0,753,8
754,1342,4.5,12,6998,2.0,64.0,4000.0,754,8
755,1345,4.0,868,16999,6.0,128.0,5050.0,755,8
756,1346,4.0,868,16999,6.0,128.0,5050.0,756,8
757,1348,4.5,12,6999,2.0,64.0,4000.0,757,8
758,1350,4.0,5183,5499,1.0,8.0,4000.0,758,8
759,1354,4.1,1196,11499,3.0,64.0,4500.0,759,8
760,1355,4.1,1196,11499,3.0,64.0,4500.0,760,8
761,1361,4.1,277,14499,4.0,64.0,5050.0,761,8
762,1369,4.1,1196,11280,3.0,64.0,4500.0,762,8
763,1370,3.9,3775,16799,4.0,64.0,4000.0,763,8
764,1371,4.3,4,8999,3.0,32.0,5050.0,764,8
765,1372,3.9,34,9949,4.0,64.0,5050.0,765,8
766,1374,4.0,585,13999,4.0,64.0,4000.0,766,8
767,1381,4.0,585,13999,4.0,64.0,4000.0,767,8
768,1388,4.1,277,14499,4.0,64.0,5050.0,768,8
769,1405,4.3,4,8999,3.0,32.0,5050.0,769,8
770,1416,4.0,202,11499,4.0,64.0,5050.0,770,8
771,1420,4.0,202,9290,4.0,64.0,5050.0,771,8
772,1421,3.9,34,9800,4.0,64.0,5050.0,772,8
773,1423,3.9,34,9999,4.0,64.0,5050.0,773,8
774,1428,4.0,585,13999,4.0,64.0,4000.0,774,8
775,1433,4.5,12,6998,2.0,64.0,4000.0,775,8
776,1434,3.9,293,12999,4.0,64.0,5050.0,776,8
777,1435,3.9,71,8489,3.0,32.0,6000.0,777,8
778,1438,4.1,18985,11999,8.0,128.0,5000.0,778,6
779,1439,3.9,4645,7999,4.0,64.0,5000.0,779,6
780,1440,4.0,25325,7499,4.0,64.0,5000.0,780,6
781,1441,4.1,18985,11999,8.0,128.0,5000.0,781,6
782,1442,3.9,20903,9999,4.0,128.0,5000.0,782,6
783,1443,4.1,31993,15499,6.0,128.0,5000.0,783,6
784,1444,3.9,20903,9999,4.0,128.0,5000.0,784,6
785,1445,4.0,25325,7499,4.0,64.0,5000.0,785,6
786,1446,3.9,4645,7999,4.0,64.0,5000.0,786,6
787,1447,4.0,25325,7499,4.0,64.0,5000.0,787,6
788,1448,4.1,31993,15499,6.0,128.0,5000.0,788,6
789,1449,3.9,12722,16999,8.0,128.0,5000.0,789,6
790,1450,4.1,14896,16499,8.0,128.0,5000.0,790,6
791,1451,4.1,14896,16499,8.0,128.0,5000.0,791,6
792,1452,3.9,12722,16999,8.0,128.0,5000.0,792,6
793,1456,4.2,82711,8999,4.0,64.0,5000.0,793,6
794,1457,4.1,6293,21499,8.0,128.0,5000.0,794,6
795,1458,4.1,17253,12999,6.0,128.0,5000.0,795,6
796,1459,4.1,6293,21499,8.0,128.0,5000.0,796,6
797,1462,3.9,275,8315,4.0,64.0,5000.0,797,6
798,1463,4.0,3091,6999,2.0,64.0,5000.0,798,6
799,1464,4.1,16478,16999,6.0,128.0,5000.0,799,6
800,1465,4.1,16478,16999,6.0,128.0,5000.0,800,6
801,1466,4.2,39803,13999,6.0,128.0,5000.0,801,6
802,1467,4.2,7176,13999,4.0,64.0,5000.0,802,6
803,1468,4.0,3091,6999,2.0,64.0,5000.0,803,6
804,1470,4.2,40241,10999,4.0,64.0,5000.0,804,6
805,1471,4.2,7176,11299,4.0,64.0,5000.0,805,6
806,1472,4.3,3550,39999,8.0,128.0,4400.0,806,6
807,1473,4.0,3091,6999,2.0,64.0,5000.0,807,6
808,1474,3.9,20903,9499,4.0,64.0,5000.0,808,6
809,1475,4.1,6102,25999,8.0,128.0,4020.0,809,6
810,1476,4.2,7176,13999,4.0,64.0,5000.0,810,6
811,1477,4.1,6102,25999,8.0,128.0,4020.0,811,6
812,1479,4.3,3550,39999,8.0,128.0,4400.0,812,6
813,1484,4.2,40132,11999,4.0,64.0,5000.0,813,6
814,1487,4.2,40241,10999,4.0,64.0,5000.0,814,6
815,1488,4.2,7176,11980,4.0,64.0,5000.0,815,6
816,1489,3.9,275,9999,4.0,64.0,5000.0,816,6
817,1490,4.2,23711,17997,6.0,128.0,5000.0,817,6
818,1491,4.1,11025,24999,6.0,128.0,4020.0,818,6
819,1494,4.1,17931,14999,4.0,64.0,5000.0,819,6
820,1496,4.2,40132,11999,4.0,64.0,5000.0,820,6
821,1497,4.3,3550,39999,8.0,128.0,4400.0,821,6
822,1503,4.2,57540,12999,6.0,128.0,6000.0,822,6
823,1504,4.1,11025,24999,6.0,128.0,4020.0,823,6
824,1505,4.2,57540,19999,6.0,128.0,6000.0,824,6
825,1506,4.3,11315,15999,4.0,64.0,4000.0,825,6
826,1507,4.1,9496,34999,8.0,128.0,4000.0,826,6
827,1508,4.0,1986,34999,8.0,128.0,4800.0,827,6
828,1509,4.2,16775,11249,4.0,64.0,5000.0,828,6
829,1510,4.2,39803,13999,6.0,128.0,5000.0,829,6
830,1511,4.2,8683,19999,6.0,128.0,5000.0,830,6
831,1512,4.2,82711,8999,4.0,64.0,5000.0,831,6
832,1514,4.1,17931,14999,4.0,64.0,5000.0,832,6
833,1517,4.0,20231,18999,6.0,128.0,5000.0,833,6
834,1518,4.2,23711,16999,6.0,128.0,5000.0,834,6
835,1520,4.1,10429,6999,2.0,32.0,5000.0,835,6
836,1521,4.0,4077,29999,8.0,128.0,4500.0,836,6
837,1522,4.1,12081,20999,8.0,128.0,5000.0,837,6
838,1523,4.2,33301,10999,4.0,64.0,6000.0,838,6
839,1524,4.2,8683,19999,6.0,128.0,5000.0,839,6
840,1525,4.1,12081,20999,8.0,128.0,5000.0,840,6
841,1526,4.0,20231,18999,6.0,128.0,5000.0,841,6
842,1528,4.2,14883,24999,6.0,128.0,5000.0,842,6
843,1530,4.2,61705,9999,4.0,64.0,6000.0,843,6
844,1531,4.2,61705,9999,4.0,64.0,6000.0,844,6
845,1532,3.9,1603,9999,4.0,64.0,5000.0,845,6
846,1533,4.2,16775,11249,4.0,64.0,5000.0,846,6
847,1534,4.4,69086,18388,6.0,128.0,5000.0,847,11
848,1535,4.4,69086,18999,6.0,128.0,5000.0,848,11
849,1536,4.3,8782,28160,8.0,128.0,4500.0,849,11
850,1537,4.3,8782,27924,8.0,128.0,4500.0,850,11
851,1539,4.5,2797,39950,8.0,128.0,5000.0,851,11
852,1540,4.3,8782,27990,8.0,128.0,4500.0,852,11
853,1541,4.3,8782,28385,8.0,128.0,4500.0,853,11
854,1542,4.3,1688,31149,8.0,128.0,5000.0,854,11
855,1543,4.3,1688,31112,8.0,128.0,5000.0,855,11
856,1545,4.3,1688,31220,8.0,128.0,5000.0,856,11
857,1546,4.5,2797,39934,8.0,128.0,5000.0,857,11
858,1559,4.3,1688,31270,8.0,128.0,5000.0,858,11
859,1561,4.5,125,22990,8.0,128.0,3800.0,859,11
860,1562,4.5,24,20990,6.0,128.0,3700.0,860,11
861,1564,4.3,2260,31999,8.0,128.0,5000.0,861,11
862,1567,4.5,442,34990,8.0,128.0,4300.0,862,11
863,1570,4.5,442,34990,8.0,128.0,4300.0,863,11
864,1578,4.5,305,30990,6.0,128.0,4000.0,864,11
865,1579,4.5,2797,39989,8.0,128.0,5000.0,865,11
866,1580,4.3,524,42999,8.0,128.0,4500.0,866,11
867,1581,3.9,369,35890,8.0,128.0,4500.0,867,11
868,1582,3.9,369,35890,8.0,128.0,4500.0,868,11
869,1587,4.2,5,22990,6.0,128.0,4500.0,869,11
870,1588,4.4,145,32990,8.0,128.0,4500.0,870,11
871,1592,4.3,8782,28179,8.0,128.0,4500.0,871,11
872,1594,4.4,145,32990,8.0,128.0,4500.0,872,11
873,1597,4.5,2797,39970,8.0,128.0,5000.0,873,11
874,1598,4.3,5819,21949,8.0,128.0,5000.0,874,11
875,1602,4.3,5819,21999,8.0,128.0,5000.0,875,11
876,1608,4.2,234,26999,12.0,128.0,4500.0,876,11
877,1609,4.5,125,31998,8.0,128.0,3700.0,877,11
878,1611,4.4,1937,29999,8.0,128.0,4500.0,878,11
879,1612,4.4,596,18999,8.0,128.0,5000.0,879,11
880,1613,4.4,596,19999,8.0,128.0,5000.0,880,11
881,1618,4.6,9598,32999,8.0,128.0,3800.0,881,11
882,1622,3.9,369,36790,8.0,128.0,4500.0,882,11
883,1623,3.9,369,35333,8.0,128.0,4500.0,883,11
884,1627,4.2,5,27899,6.0,128.0,4500.0,884,11
885,1628,4.2,5,24999,6.0,128.0,4500.0,885,11
886,1635,4.3,5819,21990,8.0,128.0,5000.0,886,11
887,1637,4.4,1937,19700,8.0,128.0,4500.0,887,11
888,1639,4.2,426,23900,6.0,128.0,4500.0,888,11
889,1640,4.3,2795,24797,8.0,128.0,4500.0,889,11
890,1642,4.2,426,23999,6.0,128.0,4500.0,890,11
891,1648,3.9,369,37190,8.0,128.0,4500.0,891,11
892,1650,4.2,426,23990,6.0,128.0,4500.0,892,11
893,1651,4.2,426,23989,6.0,128.0,4500.0,893,11
894,1654,4.3,1127,19990,4.0,128.0,4000.0,894,2
895,1658,4.6,11,25990,6.0,128.0,3340.0,895,2
896,1659,4.3,1205,42998,3.0,64.0,3450.0,896,7
897,1662,4.5,4082,42999,3.0,64.0,3450.0,897,7
898,1663,4.5,4082,39999,3.0,32.0,3450.0,898,7
899,1666,4.3,1127,19990,4.0,128.0,4000.0,899,2
900,1680,4.1,297,12999,3.0,32.0,4000.0,900,0
901,1682,4.1,297,3799,3.0,32.0,4000.0,901,0
902,1692,4.1,9952,7999,3.0,32.0,4000.0,902,4
903,1694,4.0,42171,10310,3.0,32.0,4050.0,903,4
904,1695,4.0,42171,10090,3.0,32.0,4050.0,904,4
905,1696,4.1,11468,16999,4.0,64.0,4050.0,905,4
906,1699,4.1,22593,11999,4.0,32.0,4000.0,906,4
907,1701,4.1,22593,11999,4.0,32.0,4000.0,907,4
908,1702,4.1,2005,11999,4.0,64.0,3760.0,908,4
909,1704,3.9,4289,15499,3.0,32.0,3500.0,909,4
910,1705,4.1,2005,11999,4.0,64.0,3760.0,910,4
911,1709,4.2,19291,9999,3.0,32.0,4000.0,911,4
912,1710,4.0,83006,10999,4.0,32.0,4000.0,912,4
913,1715,4.1,15949,6999,2.0,16.0,4000.0,913,4
914,1716,4.3,33752,7499,4.0,64.0,6000.0,914,3
915,1717,4.3,33752,7499,4.0,64.0,6000.0,915,3
916,1718,4.3,33752,7499,4.0,64.0,6000.0,916,3
917,1719,4.3,22569,9499,8.0,128.0,5000.0,917,3
918,1720,4.3,22569,9499,8.0,128.0,5000.0,918,3
919,1721,4.3,5503,8399,4.0,64.0,5000.0,919,3
920,1722,4.3,5503,8399,4.0,64.0,5000.0,920,3
921,1723,4.3,5503,8399,4.0,64.0,5000.0,921,3
922,1724,4.3,22569,9499,8.0,128.0,5000.0,922,3
923,1725,4.3,22569,9499,8.0,128.0,5000.0,923,3
924,1726,4.3,5503,8399,4.0,64.0,5000.0,924,3
925,1727,4.4,6252,6199,2.0,64.0,5000.0,925,3
926,1728,4.3,33810,5999,2.0,32.0,5000.0,926,3
927,1729,4.3,33810,5999,2.0,32.0,5000.0,927,3
928,1730,4.3,33810,5999,2.0,32.0,5000.0,928,3
929,1731,4.1,5494,13499,6.0,128.0,5000.0,929,3
930,1732,4.2,10930,11499,4.0,64.0,5000.0,930,3
931,1733,4.2,10930,11499,4.0,64.0,5000.0,931,3
932,1734,4.1,5494,13499,6.0,128.0,5000.0,932,3
933,1735,4.1,27133,17999,8.0,128.0,5000.0,933,3
934,1736,4.1,27133,17999,8.0,128.0,5000.0,934,3
935,1737,4.2,10930,11499,4.0,64.0,5000.0,935,3
936,1738,4.2,5955,10499,4.0,64.0,5000.0,936,3
937,1739,4.2,5955,10499,4.0,64.0,5000.0,937,3
938,1740,4.2,5955,10499,4.0,64.0,5000.0,938,3
939,1741,4.1,5494,13499,6.0,128.0,5000.0,939,3
940,1742,4.4,6252,6199,2.0,64.0,5000.0,940,3
941,1743,4.4,6252,6199,2.0,64.0,5000.0,941,3
942,1744,4.4,6252,6199,2.0,64.0,5000.0,942,3
943,1745,4.4,25096,8499,4.0,64.0,6000.0,943,3
944,1746,4.4,25096,8499,4.0,64.0,6000.0,944,3
945,1747,4.4,25096,8499,4.0,64.0,6000.0,945,3
946,1748,4.4,25096,8499,4.0,64.0,6000.0,946,3
947,1749,4.1,3299,16599,8.0,128.0,5000.0,947,3
948,1750,4.2,27533,8999,4.0,64.0,6000.0,948,3
949,1751,4.2,27533,8999,4.0,64.0,6000.0,949,3
950,1752,4.2,27533,8999,4.0,64.0,6000.0,950,3
951,1753,4.2,27533,8999,4.0,64.0,6000.0,951,3
952,1754,4.1,3299,16599,8.0,128.0,5000.0,952,3
953,1755,4.1,3299,16599,8.0,128.0,5000.0,953,3
954,1756,4.2,13349,12999,6.0,128.0,5000.0,954,3
955,1757,4.2,27194,10999,4.0,64.0,5000.0,955,3
956,1758,4.2,3729,16999,8.0,128.0,4500.0,956,3
957,1759,4.2,3729,16999,8.0,128.0,4500.0,957,3
958,1760,4.2,3729,16999,8.0,128.0,4500.0,958,3
959,1761,4.3,32464,6999,2.0,64.0,5000.0,959,3
960,1762,4.3,32464,6999,2.0,64.0,5000.0,960,3
961,1763,4.3,32464,6999,2.0,64.0,5000.0,961,3
962,1764,4.3,32464,6999,2.0,64.0,5000.0,962,3
963,1765,4.2,13349,12999,6.0,128.0,5000.0,963,3
964,1770,4.2,19564,14999,6.0,64.0,5000.0,964,3
965,1772,4.2,11007,9999,6.0,64.0,5000.0,965,3
966,1774,4.0,5240,12999,8.0,128.0,5000.0,966,3
967,1775,4.2,11007,9999,6.0,64.0,5000.0,967,3
968,1776,4.2,11007,9999,6.0,64.0,5000.0,968,3
969,1777,4.2,11007,9999,6.0,64.0,5000.0,969,3
970,1778,4.2,19564,14999,6.0,64.0,5000.0,970,3
971,1780,4.0,5240,12999,8.0,128.0,5000.0,971,3
972,1781,4.0,5240,12999,8.0,128.0,5000.0,972,3
973,1782,4.3,8157,15999,8.0,128.0,5000.0,973,3
974,1783,4.3,16419,9999,4.0,64.0,5200.0,974,3
975,1784,4.3,16419,9999,4.0,64.0,5200.0,975,3
976,1785,4.3,79849,7199,2.0,32.0,5000.0,976,3
977,1786,4.3,79849,7199,2.0,32.0,5000.0,977,3
978,1787,4.3,8157,15999,8.0,128.0,5000.0,978,3
979,1788,4.3,79849,7199,2.0,32.0,5000.0,979,3
980,1789,4.2,17968,9999,4.0,64.0,5000.0,980,3
981,1790,4.2,12712,8299,3.0,64.0,5000.0,981,3
982,1791,4.3,50667,11999,4.0,128.0,5000.0,982,3
983,1792,4.3,50667,11999,4.0,128.0,5000.0,983,3
984,1793,4.2,11290,16999,6.0,128.0,5000.0,984,3
985,1794,4.3,39201,12499,4.0,64.0,5000.0,985,3
986,1795,4.3,39201,12499,4.0,64.0,5000.0,986,3
987,1796,4.3,39201,12499,4.0,64.0,5000.0,987,3
988,1797,4.2,11290,16999,6.0,128.0,5000.0,988,3
989,1798,4.3,12319,13999,6.0,64.0,5000.0,989,3
990,1799,4.3,50667,10999,4.0,64.0,5000.0,990,3
991,1800,4.2,17968,9999,4.0,64.0,5000.0,991,3
992,1801,4.2,17968,9999,4.0,64.0,5000.0,992,3
993,1802,4.3,50667,10999,4.0,64.0,5000.0,993,3
994,1804,4.3,50667,11999,4.0,128.0,5000.0,994,3
995,1805,4.3,66729,7499,2.0,32.0,5000.0,995,3
996,1806,4.2,10773,19999,8.0,128.0,5000.0,996,3
997,1807,4.2,8693,13999,8.0,128.0,5000.0,997,3
998,1808,4.2,27194,10999,4.0,64.0,5000.0,998,3
999,1813,4.3,8157,15999,8.0,128.0,5000.0,999,3
1000,1814,4.2,12712,8299,3.0,64.0,5000.0,1000,3
1001,1816,4.3,66729,6499,2.0,32.0,5000.0,1001,3
1002,1818,4.2,12712,8299,3.0,64.0,5000.0,1002,3
1003,1819,4.3,66729,6499,2.0,32.0,5000.0,1003,3
1004,1820,4.2,11290,16999,6.0,128.0,5000.0,1004,3
1005,1821,4.3,12319,13999,6.0,64.0,5000.0,1005,3
1006,1822,4.3,50667,10999,4.0,64.0,5000.0,1006,3
1007,1823,4.3,50667,10999,4.0,64.0,5000.0,1007,3
1008,1824,4.3,50667,11999,4.0,128.0,5000.0,1008,3
1009,1825,4.2,8704,13999,8.0,128.0,5000.0,1009,3
1010,1826,4.0,5240,12999,8.0,128.0,5000.0,1010,3
1011,1827,4.3,12319,13999,6.0,64.0,5000.0,1011,3
1012,1828,4.2,8704,13999,8.0,128.0,5000.0,1012,3
1013,1829,4.4,32752,8999,2.0,32.0,6000.0,1013,3
1014,1830,4.4,32752,8999,2.0,32.0,6000.0,1014,3
1015,1831,4.3,25582,14999,4.0,64.0,5000.0,1015,3
1016,1832,4.3,25582,14999,4.0,64.0,5000.0,1016,3
1017,1833,4.3,25582,14999,4.0,64.0,5000.0,1017,3
1018,1834,4.2,7117,18999,8.0,128.0,4500.0,1018,3
1019,1835,4.3,15701,10999,4.0,64.0,4000.0,1019,3
